[Header],,,,,,,,,,
IEMFileVersion,5,,,,,,,,,
Date,2025/8/25,,,,,,,,,
Workflow,GenerateFASTQ,,,,,,,,,
Application,NovaSeq FASTQ Only,,,,,,,,,
Instrument Type,NovaSeq,,,,,,,,,
Assay,Illumina DNA Prep,,,,,,,,,
Index Adapters,IDT-Ilmn DNA-RNA UD Indexes SetA Tagmentation,,,,,,,,,
Chemistry,Amplicon,,,,,,,,,
,,,,,,,,,,
[Reads],,,,,,,,,,
151,,,,,,,,,,
151,,,,,,,,,,
,,,,,,,,,,
[Settings],,,,,,,,,,
Adapter,CTGTCTCTTATACACATCT,,,,,,,,,
,,,,,,,,,,
[Data],,,,,,,,,,
Sample_ID,Sample_Name,Sample_Plate,Sample_Well,Index_Plate_Well,I7_Index_ID,index,I5_Index_ID,index2,Sample_Project,Description
PTC-D-0617,,,,C11,UDP0083,TATGCCTTAC,UDP0083,AGACACATTA,,
VP100012,,,,F07,UDP0054,GCATAAGCTT,UDP0054,TGCGACGGAA,,
NTC-L-0619,,,,D11,UDP0084,ACAAGTGGAC,UDP0084,GCGCGATGTT,,
PTC-L-0619,,,,E11,UDP0085,TGGTACCTAA,UDP0085,CATGAGTACT,,

